candidate_id,gender,gender_code,experience,test_score,education_level,education_code,hired
CAN_0001,Male,0,15,57,Bachelor,0,1
CAN_0002,Female,1,12,72,Bachelor,0,1
CAN_0003,Female,1,14,59,Bachelor,0,1
CAN_0004,Female,1,8,93,Master,1,0
CAN_0005,Male,0,3,54,PhD,2,1
CAN_0006,Male,0,8,70,Master,1,1
CAN_0007,Male,0,15,74,PhD,2,1
CAN_0008,Female,1,5,75,Master,1,0
CAN_0009,Female,1,1,61,PhD,2,1
CAN_0010,Female,1,7,56,Master,1,1
CAN_0011,Male,0,5,61,Bachelor,0,0
CAN_0012,Female,1,6,77,Master,1,0
CAN_0013,Female,1,6,67,PhD,2,1
CAN_0014,Male,0,8,81,Bachelor,0,1
CAN_0015,Male,0,9,77,PhD,2,1
CAN_0016,Male,0,2,35,Bachelor,0,0
CAN_0017,Male,0,9,73,Master,1,1
CAN_0018,Female,1,12,100,PhD,2,1
CAN_0019,Male,0,15,89,Bachelor,0,1
CAN_0020,Male,0,11,76,Bachelor,0,1
CAN_0021,Female,1,10,54,Bachelor,0,0
CAN_0022,Male,0,9,77,PhD,2,1
CAN_0023,Male,0,13,81,Bachelor,0,1
CAN_0024,Male,0,10,66,PhD,2,1
CAN_0025,Male,0,15,74,Bachelor,0,1
CAN_0026,Female,1,10,92,PhD,2,1
CAN_0027,Male,0,7,57,PhD,2,1
CAN_0028,Female,1,1,54,Bachelor,0,0
CAN_0029,Female,1,7,80,Master,1,1
CAN_0030,Male,0,10,76,Bachelor,0,1
CAN_0031,Female,1,5,85,Master,1,1
CAN_0032,Male,0,6,78,Bachelor,0,1
CAN_0033,Male,0,10,61,Bachelor,0,0
CAN_0034,Female,1,7,76,Bachelor,0,1
CAN_0035,Female,1,14,52,Bachelor,0,1
CAN_0036,Female,1,15,66,Bachelor,0,1
CAN_0037,Male,0,5,77,Master,1,1
CAN_0038,Male,0,7,64,PhD,2,1
CAN_0039,Female,1,9,100,Bachelor,0,0
CAN_0040,Male,0,3,41,Master,1,1
CAN_0041,Male,0,8,61,Bachelor,0,1
CAN_0042,Male,0,2,55,PhD,2,1
CAN_0043,Male,0,11,59,PhD,2,1
CAN_0044,Female,1,7,60,PhD,2,0
CAN_0045,Male,0,13,50,PhD,2,1
CAN_0046,Female,1,2,81,Bachelor,0,0
CAN_0047,Male,0,15,61,PhD,2,1
CAN_0048,Female,1,14,72,Master,1,1
CAN_0049,Female,1,4,63,Bachelor,0,0
CAN_0050,Male,0,7,59,PhD,2,0
CAN_0051,Female,1,3,95,Bachelor,0,0
CAN_0052,Female,1,2,83,Master,1,0
CAN_0053,Female,1,11,41,Bachelor,0,0
CAN_0054,Female,1,10,40,Bachelor,0,1
CAN_0055,Female,1,7,85,Master,1,0
CAN_0056,Female,1,1,62,Master,1,0
CAN_0057,Male,0,14,45,Bachelor,0,1
CAN_0058,Male,0,15,85,Bachelor,0,1
CAN_0059,Male,0,8,72,PhD,2,1
CAN_0060,Male,0,3,73,Bachelor,0,1
CAN_0061,Male,0,12,82,Bachelor,0,1
CAN_0062,Male,0,12,50,PhD,2,1
CAN_0063,Female,1,13,45,PhD,2,1
CAN_0064,Male,0,2,93,Bachelor,0,1
CAN_0065,Male,0,3,48,Master,1,1
CAN_0066,Female,1,5,51,PhD,2,1
CAN_0067,Male,0,11,54,PhD,2,1
CAN_0068,Female,1,8,100,Master,1,1
CAN_0069,Male,0,10,77,Bachelor,0,1
CAN_0070,Female,1,7,84,Bachelor,0,1
CAN_0071,Female,1,7,72,Bachelor,0,0
CAN_0072,Male,0,12,60,Master,1,0
CAN_0073,Male,0,7,79,Bachelor,0,1
CAN_0074,Female,1,15,46,Master,1,1
CAN_0075,Female,1,8,53,Bachelor,0,1
CAN_0076,Female,1,1,80,Bachelor,0,0
CAN_0077,Female,1,4,49,PhD,2,0
CAN_0078,Male,0,13,67,Bachelor,0,1
CAN_0079,Male,0,6,67,Bachelor,0,1
CAN_0080,Male,0,9,62,PhD,2,1
CAN_0081,Female,1,13,40,Bachelor,0,1
CAN_0082,Female,1,2,60,Master,1,0
CAN_0083,Male,0,1,57,Master,1,0
CAN_0084,Male,0,13,72,Bachelor,0,1
CAN_0085,Male,0,10,71,PhD,2,1
CAN_0086,Male,0,12,75,Master,1,1
CAN_0087,Female,1,14,59,Bachelor,0,0
CAN_0088,Female,1,2,77,Bachelor,0,0
CAN_0089,Female,1,7,46,Bachelor,0,0
CAN_0090,Male,0,3,42,PhD,2,0
CAN_0091,Male,0,10,34,Bachelor,0,1
CAN_0092,Female,1,2,62,Master,1,0
CAN_0093,Female,1,14,58,Master,1,1
CAN_0094,Female,1,11,81,Master,1,1
CAN_0095,Female,1,7,60,Bachelor,0,0
CAN_0096,Male,0,13,74,Bachelor,0,1
CAN_0097,Female,1,13,82,Master,1,1
CAN_0098,Male,0,2,59,Bachelor,0,0
CAN_0099,Male,0,3,74,Bachelor,0,0
CAN_0100,Male,0,11,85,Bachelor,0,1
CAN_0101,Male,0,7,51,Bachelor,0,0
CAN_0102,Female,1,14,70,PhD,2,1
CAN_0103,Male,0,4,59,Bachelor,0,1
CAN_0104,Female,1,13,52,Bachelor,0,0
CAN_0105,Female,1,14,46,Bachelor,0,0
CAN_0106,Male,0,1,52,Master,1,0
CAN_0107,Male,0,13,70,Master,1,1
CAN_0108,Female,1,14,45,Bachelor,0,1
CAN_0109,Male,0,5,61,Master,1,0
CAN_0110,Male,0,12,82,Master,1,1
CAN_0111,Male,0,9,76,PhD,2,1
CAN_0112,Male,0,8,62,PhD,2,1
CAN_0113,Female,1,12,95,Bachelor,0,1
CAN_0114,Female,1,15,98,Bachelor,0,1
CAN_0115,Female,1,9,70,Bachelor,0,1
CAN_0116,Female,1,10,32,Bachelor,0,1
CAN_0117,Female,1,14,83,PhD,2,0
CAN_0118,Male,0,9,35,Bachelor,0,1
CAN_0119,Female,1,15,92,Bachelor,0,1
CAN_0120,Female,1,7,86,Master,1,1
CAN_0121,Female,1,4,96,Master,1,1
CAN_0122,Female,1,5,73,Bachelor,0,0
CAN_0123,Male,0,1,64,Bachelor,0,0
CAN_0124,Male,0,14,63,Bachelor,0,1
CAN_0125,Male,0,1,61,Master,1,0
CAN_0126,Male,0,3,84,Bachelor,0,1
CAN_0127,Female,1,13,80,Bachelor,0,0
CAN_0128,Female,1,14,71,Master,1,1
CAN_0129,Male,0,8,59,Bachelor,0,1
CAN_0130,Female,1,14,100,Master,1,1
CAN_0131,Male,0,2,83,Bachelor,0,1
CAN_0132,Male,0,4,46,Bachelor,0,1
CAN_0133,Male,0,2,62,PhD,2,1
CAN_0134,Male,0,14,83,Master,1,1
CAN_0135,Female,1,5,58,Bachelor,0,0
CAN_0136,Male,0,9,75,Master,1,1
CAN_0137,Female,1,1,84,Master,1,0
CAN_0138,Female,1,5,30,Master,1,0
CAN_0139,Male,0,14,68,Bachelor,0,1
CAN_0140,Female,1,15,68,PhD,2,1
CAN_0141,Female,1,9,63,Bachelor,0,1
CAN_0142,Male,0,15,74,Bachelor,0,1
CAN_0143,Male,0,1,79,Bachelor,0,1
CAN_0144,Male,0,9,72,Bachelor,0,1
CAN_0145,Male,0,8,64,PhD,2,1
CAN_0146,Male,0,4,79,Bachelor,0,1
CAN_0147,Female,1,12,70,Bachelor,0,1
CAN_0148,Female,1,11,66,PhD,2,1
CAN_0149,Male,0,10,50,Bachelor,0,0
CAN_0150,Male,0,5,46,Bachelor,0,0
CAN_0151,Female,1,13,50,Bachelor,0,1
CAN_0152,Male,0,5,74,Bachelor,0,1
CAN_0153,Male,0,11,68,Bachelor,0,1
CAN_0154,Male,0,12,47,Master,1,1
CAN_0155,Female,1,6,79,Bachelor,0,1
CAN_0156,Male,0,7,90,Bachelor,0,1
CAN_0157,Female,1,8,61,Master,1,1
CAN_0158,Female,1,15,43,Master,1,1
CAN_0159,Male,0,14,59,Bachelor,0,1
CAN_0160,Female,1,8,82,Master,1,1
CAN_0161,Male,0,11,78,Bachelor,0,1
CAN_0162,Female,1,14,56,Bachelor,0,1
CAN_0163,Female,1,13,92,Master,1,1
CAN_0164,Female,1,2,90,Bachelor,0,0
CAN_0165,Male,0,9,59,PhD,2,1
CAN_0166,Female,1,7,58,Bachelor,0,1
CAN_0167,Male,0,4,61,Master,1,1
CAN_0168,Male,0,4,62,Bachelor,0,1
CAN_0169,Male,0,11,84,Master,1,1
CAN_0170,Female,1,8,76,Master,1,1
CAN_0171,Female,1,4,83,PhD,2,1
CAN_0172,Male,0,13,80,Bachelor,0,1
CAN_0173,Female,1,15,95,Master,1,1
CAN_0174,Male,0,6,54,Master,1,1
CAN_0175,Female,1,5,75,Master,1,1
CAN_0176,Male,0,3,37,Master,1,0
CAN_0177,Female,1,13,50,Master,1,1
CAN_0178,Male,0,14,68,Bachelor,0,1
CAN_0179,Female,1,10,76,Bachelor,0,1
CAN_0180,Male,0,11,68,Bachelor,0,1
CAN_0181,Male,0,2,61,Bachelor,0,0
CAN_0182,Male,0,9,64,PhD,2,1
CAN_0183,Female,1,10,90,Master,1,1
CAN_0184,Female,1,9,64,PhD,2,1
CAN_0185,Male,0,1,96,Bachelor,0,0
CAN_0186,Female,1,10,81,PhD,2,1
CAN_0187,Female,1,3,76,PhD,2,0
CAN_0188,Female,1,8,52,Master,1,1
CAN_0189,Female,1,6,84,Master,1,1
CAN_0190,Male,0,5,62,Bachelor,0,1
CAN_0191,Male,0,5,52,PhD,2,1
CAN_0192,Female,1,6,77,Master,1,1
CAN_0193,Female,1,15,49,Bachelor,0,1
CAN_0194,Female,1,7,58,Bachelor,0,1
CAN_0195,Male,0,1,69,PhD,2,1
CAN_0196,Male,0,9,100,PhD,2,1
CAN_0197,Female,1,3,59,PhD,2,1
CAN_0198,Female,1,4,63,Master,1,0
CAN_0199,Female,1,10,80,Bachelor,0,1
CAN_0200,Female,1,1,51,Bachelor,0,0
CAN_0201,Female,1,13,76,Bachelor,0,1
CAN_0202,Male,0,11,88,Bachelor,0,1
CAN_0203,Male,0,10,65,Bachelor,0,1
CAN_0204,Female,1,3,85,Bachelor,0,1
CAN_0205,Female,1,2,74,Bachelor,0,0
CAN_0206,Male,0,2,59,PhD,2,0
CAN_0207,Male,0,14,67,Bachelor,0,1
CAN_0208,Female,1,1,64,PhD,2,0
CAN_0209,Male,0,8,68,Master,1,1
CAN_0210,Male,0,3,72,Bachelor,0,1
CAN_0211,Female,1,3,78,Bachelor,0,0
CAN_0212,Female,1,6,77,Bachelor,0,1
CAN_0213,Female,1,13,33,Bachelor,0,1
CAN_0214,Male,0,8,68,Master,1,1
CAN_0215,Female,1,13,47,Bachelor,0,1
CAN_0216,Male,0,15,65,Bachelor,0,1
CAN_0217,Male,0,9,68,Bachelor,0,1
CAN_0218,Female,1,9,84,PhD,2,1
CAN_0219,Female,1,4,69,Master,1,1
CAN_0220,Female,1,14,73,Master,1,1
CAN_0221,Female,1,5,81,Bachelor,0,0
CAN_0222,Female,1,2,88,Master,1,1
CAN_0223,Male,0,11,68,Master,1,0
CAN_0224,Male,0,9,71,Master,1,1
CAN_0225,Male,0,8,70,PhD,2,1
CAN_0226,Male,0,3,61,Bachelor,0,0
CAN_0227,Female,1,11,58,PhD,2,1
CAN_0228,Male,0,12,35,PhD,2,1
CAN_0229,Female,1,13,53,Bachelor,0,1
CAN_0230,Female,1,9,43,Bachelor,0,1
CAN_0231,Female,1,3,88,PhD,2,1
CAN_0232,Female,1,9,72,Bachelor,0,0
CAN_0233,Female,1,2,68,Master,1,1
CAN_0234,Male,0,12,59,PhD,2,1
CAN_0235,Male,0,10,70,Master,1,1
CAN_0236,Female,1,9,57,Bachelor,0,0
CAN_0237,Male,0,15,72,Master,1,1
CAN_0238,Male,0,8,73,Bachelor,0,1
CAN_0239,Female,1,9,57,Master,1,1
CAN_0240,Male,0,5,56,Bachelor,0,1
CAN_0241,Female,1,11,84,Master,1,1
CAN_0242,Female,1,11,69,Master,1,1
CAN_0243,Female,1,2,58,Master,1,0
CAN_0244,Male,0,8,64,Master,1,1
CAN_0245,Male,0,12,54,Master,1,1
CAN_0246,Female,1,15,68,Master,1,1
CAN_0247,Male,0,6,82,Bachelor,0,1
CAN_0248,Female,1,8,69,Master,1,1
CAN_0249,Female,1,11,100,Bachelor,0,1
CAN_0250,Female,1,5,76,PhD,2,1
CAN_0251,Male,0,10,73,Bachelor,0,1
CAN_0252,Male,0,2,56,Bachelor,0,0
CAN_0253,Female,1,6,66,Master,1,0
CAN_0254,Male,0,5,58,Bachelor,0,0
CAN_0255,Male,0,12,37,Bachelor,0,1
CAN_0256,Female,1,13,84,Master,1,1
CAN_0257,Female,1,12,62,Master,1,1
CAN_0258,Female,1,5,58,Master,1,0
CAN_0259,Female,1,13,73,Bachelor,0,1
CAN_0260,Male,0,1,77,Master,1,0
CAN_0261,Female,1,2,65,Bachelor,0,0
CAN_0262,Female,1,8,69,Master,1,1
CAN_0263,Male,0,13,81,Master,1,1
CAN_0264,Female,1,14,64,Master,1,0
CAN_0265,Female,1,13,74,Bachelor,0,1
CAN_0266,Female,1,3,45,Bachelor,0,0
CAN_0267,Female,1,10,51,Bachelor,0,0
CAN_0268,Female,1,3,79,Bachelor,0,0
CAN_0269,Male,0,8,50,Bachelor,0,1
CAN_0270,Male,0,8,73,Master,1,1
CAN_0271,Female,1,2,67,Bachelor,0,0
CAN_0272,Female,1,8,64,PhD,2,0
CAN_0273,Female,1,11,57,Bachelor,0,1
CAN_0274,Female,1,13,83,Master,1,1
CAN_0275,Female,1,13,95,Master,1,1
CAN_0276,Female,1,1,74,Bachelor,0,0
CAN_0277,Female,1,6,74,Bachelor,0,1
CAN_0278,Female,1,8,59,Master,1,1
CAN_0279,Female,1,3,52,Bachelor,0,0
CAN_0280,Female,1,8,69,PhD,2,1
CAN_0281,Female,1,12,55,Master,1,1
CAN_0282,Male,0,1,43,PhD,2,0
CAN_0283,Male,0,11,82,Bachelor,0,1
CAN_0284,Male,0,11,82,Master,1,1
CAN_0285,Female,1,9,57,Master,1,1
CAN_0286,Male,0,13,73,Master,1,1
CAN_0287,Male,0,11,85,Bachelor,0,1
CAN_0288,Female,1,13,73,Master,1,1
CAN_0289,Male,0,9,52,Bachelor,0,0
CAN_0290,Female,1,5,66,Master,1,1
CAN_0291,Male,0,10,89,Bachelor,0,1
CAN_0292,Male,0,4,73,PhD,2,1
CAN_0293,Female,1,15,78,Bachelor,0,1
CAN_0294,Male,0,11,75,PhD,2,1
CAN_0295,Male,0,6,57,PhD,2,1
CAN_0296,Female,1,12,60,PhD,2,1
CAN_0297,Female,1,7,75,Master,1,0
CAN_0298,Male,0,5,82,Bachelor,0,1
CAN_0299,Female,1,11,86,PhD,2,1
CAN_0300,Male,0,13,57,Bachelor,0,1
CAN_0301,Male,0,10,76,Master,1,1
CAN_0302,Female,1,9,87,Master,1,1
CAN_0303,Female,1,3,55,Master,1,0
CAN_0304,Female,1,15,92,Bachelor,0,1
CAN_0305,Female,1,7,94,Master,1,0
CAN_0306,Female,1,10,100,PhD,2,1
CAN_0307,Female,1,10,73,Bachelor,0,0
CAN_0308,Male,0,11,73,PhD,2,1
CAN_0309,Female,1,5,82,Bachelor,0,0
CAN_0310,Male,0,14,81,Bachelor,0,1
CAN_0311,Male,0,7,86,Bachelor,0,0
CAN_0312,Male,0,15,81,Bachelor,0,1
CAN_0313,Male,0,2,68,PhD,2,1
CAN_0314,Female,1,4,88,Bachelor,0,1
CAN_0315,Female,1,2,53,Bachelor,0,0
CAN_0316,Female,1,14,70,Bachelor,0,1
CAN_0317,Male,0,13,93,Master,1,1
CAN_0318,Male,0,13,51,Master,1,1
CAN_0319,Male,0,12,59,Bachelor,0,1
CAN_0320,Male,0,7,80,Bachelor,0,1
CAN_0321,Female,1,2,75,PhD,2,0
CAN_0322,Female,1,13,56,Bachelor,0,1
CAN_0323,Female,1,14,63,Bachelor,0,0
CAN_0324,Male,0,11,52,Bachelor,0,1
CAN_0325,Female,1,1,84,Master,1,0
CAN_0326,Female,1,9,66,Bachelor,0,1
CAN_0327,Female,1,1,96,Master,1,1
CAN_0328,Female,1,8,71,Bachelor,0,0
CAN_0329,Male,0,15,66,PhD,2,1
CAN_0330,Male,0,2,65,Bachelor,0,1
CAN_0331,Male,0,12,66,Master,1,1
CAN_0332,Female,1,8,71,Bachelor,0,1
CAN_0333,Male,0,13,100,Bachelor,0,1
CAN_0334,Male,0,3,64,Master,1,0
CAN_0335,Male,0,6,65,Bachelor,0,1
CAN_0336,Male,0,3,70,PhD,2,1
CAN_0337,Female,1,14,86,PhD,2,1
CAN_0338,Female,1,7,48,PhD,2,0
CAN_0339,Male,0,10,76,Bachelor,0,1
CAN_0340,Male,0,9,57,Master,1,1
CAN_0341,Male,0,2,78,Bachelor,0,1
CAN_0342,Male,0,15,62,PhD,2,1
CAN_0343,Male,0,12,35,Master,1,1
CAN_0344,Male,0,12,75,PhD,2,1
CAN_0345,Male,0,15,75,Bachelor,0,1
CAN_0346,Female,1,14,61,Master,1,1
CAN_0347,Female,1,5,60,Bachelor,0,0
CAN_0348,Male,0,13,50,Master,1,1
CAN_0349,Male,0,6,81,Bachelor,0,0
CAN_0350,Female,1,4,83,Master,1,0
CAN_0351,Female,1,4,56,Master,1,1
CAN_0352,Female,1,4,61,Master,1,0
CAN_0353,Female,1,2,69,Bachelor,0,1
CAN_0354,Male,0,4,100,Master,1,1
CAN_0355,Male,0,11,78,Bachelor,0,1
CAN_0356,Female,1,1,55,Bachelor,0,1
CAN_0357,Male,0,12,74,Bachelor,0,1
CAN_0358,Female,1,6,49,Bachelor,0,0
CAN_0359,Female,1,1,80,Bachelor,0,0
CAN_0360,Female,1,10,95,Master,1,1
CAN_0361,Male,0,6,95,Bachelor,0,1
CAN_0362,Female,1,1,81,Bachelor,0,1
CAN_0363,Male,0,6,61,PhD,2,0
CAN_0364,Female,1,10,50,Bachelor,0,0
CAN_0365,Female,1,8,48,Master,1,1
CAN_0366,Male,0,11,30,Master,1,1
CAN_0367,Female,1,2,80,PhD,2,0
CAN_0368,Female,1,2,68,Master,1,0
CAN_0369,Male,0,14,83,Master,1,1
CAN_0370,Male,0,15,91,PhD,2,1
CAN_0371,Male,0,13,71,Bachelor,0,1
CAN_0372,Male,0,12,72,PhD,2,1
CAN_0373,Male,0,4,63,Bachelor,0,0
CAN_0374,Female,1,11,64,PhD,2,1
CAN_0375,Male,0,3,80,Bachelor,0,0
CAN_0376,Male,0,4,67,Master,1,1
CAN_0377,Female,1,13,65,Bachelor,0,1
CAN_0378,Male,0,12,69,Master,1,1
CAN_0379,Female,1,7,83,Bachelor,0,1
CAN_0380,Male,0,13,59,PhD,2,1
CAN_0381,Male,0,11,69,PhD,2,1
CAN_0382,Female,1,1,73,Bachelor,0,0
CAN_0383,Female,1,6,87,PhD,2,1
CAN_0384,Female,1,15,66,Master,1,0
CAN_0385,Female,1,15,59,Master,1,1
CAN_0386,Female,1,3,62,Bachelor,0,0
CAN_0387,Male,0,11,85,Bachelor,0,1
CAN_0388,Male,0,10,100,Bachelor,0,1
CAN_0389,Female,1,7,50,Bachelor,0,0
CAN_0390,Female,1,10,53,PhD,2,1
CAN_0391,Female,1,2,67,Bachelor,0,0
CAN_0392,Male,0,14,71,PhD,2,1
CAN_0393,Male,0,2,81,Bachelor,0,1
CAN_0394,Female,1,13,56,Master,1,1
CAN_0395,Male,0,4,54,Master,1,1
CAN_0396,Female,1,1,72,PhD,2,1
CAN_0397,Female,1,3,66,Bachelor,0,0
CAN_0398,Male,0,13,83,Bachelor,0,1
CAN_0399,Female,1,9,77,Bachelor,0,0
CAN_0400,Female,1,7,78,Bachelor,0,0
CAN_0401,Male,0,15,68,Bachelor,0,1
CAN_0402,Female,1,7,100,Bachelor,0,0
CAN_0403,Female,1,13,57,Bachelor,0,1
CAN_0404,Female,1,13,79,Master,1,1
CAN_0405,Male,0,11,50,Bachelor,0,1
CAN_0406,Female,1,4,53,Bachelor,0,0
CAN_0407,Male,0,2,60,Bachelor,0,1
CAN_0408,Male,0,15,94,Master,1,1
CAN_0409,Female,1,14,73,PhD,2,1
CAN_0410,Male,0,4,61,Master,1,1
CAN_0411,Male,0,6,75,Master,1,1
CAN_0412,Female,1,11,70,Bachelor,0,1
CAN_0413,Female,1,11,62,Master,1,1
CAN_0414,Female,1,3,49,Bachelor,0,1
CAN_0415,Female,1,1,91,Bachelor,0,0
CAN_0416,Male,0,14,73,Master,1,1
CAN_0417,Male,0,12,100,PhD,2,1
CAN_0418,Male,0,8,84,Bachelor,0,1
CAN_0419,Female,1,12,78,Master,1,0
CAN_0420,Female,1,13,63,Master,1,0
CAN_0421,Female,1,5,53,Bachelor,0,0
CAN_0422,Female,1,15,66,Bachelor,0,1
CAN_0423,Male,0,5,53,Bachelor,0,0
CAN_0424,Male,0,11,79,Bachelor,0,0
CAN_0425,Male,0,4,94,Bachelor,0,1
CAN_0426,Female,1,6,66,Bachelor,0,1
CAN_0427,Male,0,3,84,Bachelor,0,0
CAN_0428,Female,1,9,59,Master,1,0
CAN_0429,Male,0,5,65,Master,1,0
CAN_0430,Male,0,3,57,PhD,2,1
CAN_0431,Male,0,11,38,Bachelor,0,0
CAN_0432,Female,1,1,69,Master,1,0
CAN_0433,Female,1,10,71,PhD,2,0
CAN_0434,Male,0,12,85,Master,1,1
CAN_0435,Male,0,6,81,Bachelor,0,1
CAN_0436,Female,1,15,82,Master,1,1
CAN_0437,Male,0,2,55,Bachelor,0,0
CAN_0438,Female,1,13,76,Bachelor,0,1
CAN_0439,Female,1,3,93,Master,1,1
CAN_0440,Male,0,1,75,Master,1,1
CAN_0441,Male,0,9,97,Bachelor,0,1
CAN_0442,Female,1,8,100,PhD,2,1
CAN_0443,Male,0,12,65,Master,1,1
CAN_0444,Male,0,2,59,Bachelor,0,0
CAN_0445,Female,1,15,58,PhD,2,1
CAN_0446,Female,1,12,47,Bachelor,0,1
CAN_0447,Female,1,11,62,PhD,2,1
CAN_0448,Female,1,8,88,Master,1,1
CAN_0449,Male,0,12,36,Bachelor,0,1
CAN_0450,Male,0,14,54,Master,1,1
CAN_0451,Female,1,9,68,Master,1,0
CAN_0452,Female,1,1,56,Master,1,0
CAN_0453,Male,0,13,62,PhD,2,0
CAN_0454,Female,1,5,62,Master,1,0
CAN_0455,Male,0,8,66,Master,1,1
CAN_0456,Male,0,15,59,PhD,2,1
CAN_0457,Male,0,11,57,Master,1,1
CAN_0458,Male,0,14,84,Bachelor,0,1
CAN_0459,Male,0,2,85,PhD,2,1
CAN_0460,Male,0,4,49,Bachelor,0,0
CAN_0461,Male,0,7,30,Master,1,0
CAN_0462,Female,1,3,85,PhD,2,1
CAN_0463,Female,1,13,51,Master,1,1
CAN_0464,Female,1,12,73,Master,1,1
CAN_0465,Female,1,5,46,Master,1,0
CAN_0466,Male,0,8,89,Bachelor,0,1
CAN_0467,Male,0,12,100,PhD,2,1
CAN_0468,Female,1,10,72,Bachelor,0,0
CAN_0469,Male,0,3,68,Bachelor,0,0
CAN_0470,Female,1,4,65,Bachelor,0,0
CAN_0471,Male,0,14,81,Master,1,1
CAN_0472,Female,1,15,78,Master,1,1
CAN_0473,Male,0,9,85,PhD,2,1
CAN_0474,Female,1,14,60,Bachelor,0,1
CAN_0475,Female,1,14,75,Bachelor,0,1
CAN_0476,Female,1,7,61,Bachelor,0,0
CAN_0477,Male,0,1,54,Bachelor,0,0
CAN_0478,Female,1,14,69,Master,1,1
CAN_0479,Female,1,12,56,Bachelor,0,1
CAN_0480,Female,1,4,87,Bachelor,0,0
CAN_0481,Female,1,4,57,Bachelor,0,0
CAN_0482,Female,1,9,75,Bachelor,0,1
CAN_0483,Male,0,6,60,Bachelor,0,0
CAN_0484,Female,1,9,74,Bachelor,0,1
CAN_0485,Female,1,12,62,Master,1,1
CAN_0486,Female,1,15,51,PhD,2,1
CAN_0487,Male,0,6,77,Master,1,0
CAN_0488,Male,0,6,66,PhD,2,1
CAN_0489,Female,1,5,74,Bachelor,0,1
CAN_0490,Female,1,5,63,Master,1,0
CAN_0491,Male,0,2,50,PhD,2,1
CAN_0492,Female,1,8,86,Bachelor,0,1
CAN_0493,Male,0,8,81,PhD,2,1
CAN_0494,Male,0,11,61,Bachelor,0,1
CAN_0495,Male,0,13,71,Bachelor,0,1
CAN_0496,Male,0,1,85,Bachelor,0,1
CAN_0497,Female,1,8,63,Master,1,1
CAN_0498,Male,0,5,65,Master,1,0
CAN_0499,Female,1,2,73,Master,1,1
CAN_0500,Female,1,14,63,Bachelor,0,1
CAN_0501,Female,1,2,82,Bachelor,0,0
CAN_0502,Female,1,14,67,Bachelor,0,1
CAN_0503,Male,0,15,58,Bachelor,0,1
CAN_0504,Female,1,15,79,PhD,2,1
CAN_0505,Female,1,6,52,Bachelor,0,1
CAN_0506,Male,0,11,100,PhD,2,1
CAN_0507,Female,1,13,93,PhD,2,1
CAN_0508,Female,1,9,77,Bachelor,0,1
CAN_0509,Female,1,1,76,Master,1,1
CAN_0510,Female,1,12,75,Bachelor,0,1
CAN_0511,Female,1,6,62,Bachelor,0,0
CAN_0512,Male,0,9,74,Bachelor,0,0
CAN_0513,Female,1,8,56,Master,1,1
CAN_0514,Female,1,11,77,Bachelor,0,0
CAN_0515,Male,0,6,83,Master,1,1
CAN_0516,Male,0,3,64,Master,1,0
CAN_0517,Male,0,8,61,Bachelor,0,1
CAN_0518,Female,1,9,51,Master,1,1
CAN_0519,Female,1,1,91,Master,1,1
CAN_0520,Male,0,12,62,Bachelor,0,1
CAN_0521,Female,1,9,67,Bachelor,0,1
CAN_0522,Male,0,14,74,Master,1,1
CAN_0523,Female,1,15,74,Bachelor,0,1
CAN_0524,Female,1,6,81,Master,1,1
CAN_0525,Female,1,6,64,Bachelor,0,0
CAN_0526,Male,0,12,52,Bachelor,0,1
CAN_0527,Male,0,4,50,Bachelor,0,0
CAN_0528,Male,0,1,61,Bachelor,0,0
CAN_0529,Male,0,10,55,Master,1,1
CAN_0530,Female,1,8,65,Bachelor,0,1
CAN_0531,Female,1,2,89,Master,1,0
CAN_0532,Female,1,12,64,PhD,2,1
CAN_0533,Female,1,1,64,Master,1,0
CAN_0534,Female,1,2,69,Master,1,0
CAN_0535,Female,1,1,63,Bachelor,0,0
CAN_0536,Female,1,1,68,Bachelor,0,0
CAN_0537,Female,1,9,78,Master,1,1
CAN_0538,Male,0,13,83,Bachelor,0,1
CAN_0539,Male,0,14,85,Master,1,1
CAN_0540,Male,0,1,100,Bachelor,0,0
CAN_0541,Female,1,13,78,Master,1,1
CAN_0542,Female,1,4,100,PhD,2,1
CAN_0543,Male,0,10,58,PhD,2,1
CAN_0544,Female,1,6,100,Master,1,1
CAN_0545,Female,1,7,64,Master,1,0
CAN_0546,Male,0,2,65,Master,1,1
CAN_0547,Male,0,6,68,Master,1,1
CAN_0548,Female,1,7,66,Bachelor,0,0
CAN_0549,Female,1,10,71,Bachelor,0,1
CAN_0550,Female,1,14,61,Bachelor,0,1
CAN_0551,Female,1,10,82,PhD,2,1
CAN_0552,Female,1,2,61,Bachelor,0,0
CAN_0553,Female,1,15,79,Master,1,1
CAN_0554,Female,1,2,92,Master,1,1
CAN_0555,Female,1,10,64,Master,1,0
CAN_0556,Male,0,7,81,Master,1,1
CAN_0557,Male,0,12,78,Bachelor,0,1
CAN_0558,Male,0,1,100,Master,1,1
CAN_0559,Female,1,8,62,PhD,2,1
CAN_0560,Female,1,11,81,Bachelor,0,1
CAN_0561,Female,1,13,45,Bachelor,0,0
CAN_0562,Male,0,3,62,Master,1,1
CAN_0563,Male,0,11,75,PhD,2,1
CAN_0564,Male,0,6,90,Bachelor,0,1
CAN_0565,Male,0,9,51,Master,1,0
CAN_0566,Female,1,6,81,PhD,2,0
CAN_0567,Male,0,9,69,Bachelor,0,0
CAN_0568,Male,0,7,47,PhD,2,1
CAN_0569,Female,1,15,72,Master,1,1
CAN_0570,Male,0,9,95,Master,1,1
CAN_0571,Female,1,2,53,Master,1,0
CAN_0572,Female,1,12,68,Bachelor,0,1
CAN_0573,Male,0,8,55,Bachelor,0,1
CAN_0574,Female,1,8,62,Bachelor,0,0
CAN_0575,Female,1,2,91,Bachelor,0,1
CAN_0576,Female,1,12,65,Bachelor,0,1
CAN_0577,Male,0,14,91,PhD,2,1
CAN_0578,Female,1,4,86,PhD,2,1
CAN_0579,Male,0,14,64,Master,1,1
CAN_0580,Male,0,15,62,PhD,2,1
CAN_0581,Male,0,11,56,Master,1,1
CAN_0582,Female,1,15,56,Bachelor,0,0
CAN_0583,Male,0,7,75,Bachelor,0,1
CAN_0584,Male,0,11,69,Master,1,1
CAN_0585,Female,1,4,60,Master,1,0
CAN_0586,Male,0,4,46,Bachelor,0,0
CAN_0587,Male,0,6,71,Master,1,1
CAN_0588,Male,0,10,62,Bachelor,0,1
CAN_0589,Male,0,6,67,Master,1,0
CAN_0590,Male,0,10,74,PhD,2,0
CAN_0591,Male,0,15,32,Master,1,1
CAN_0592,Female,1,3,47,PhD,2,1
CAN_0593,Male,0,15,100,PhD,2,1
CAN_0594,Male,0,9,62,PhD,2,1
CAN_0595,Female,1,12,32,PhD,2,1
CAN_0596,Male,0,10,48,PhD,2,1
CAN_0597,Female,1,14,100,Master,1,1
CAN_0598,Male,0,11,59,Bachelor,0,1
CAN_0599,Male,0,2,87,Bachelor,0,0
CAN_0600,Male,0,6,71,Master,1,1
CAN_0601,Male,0,12,62,Bachelor,0,1
CAN_0602,Male,0,7,81,Bachelor,0,1
CAN_0603,Male,0,12,34,PhD,2,1
CAN_0604,Male,0,13,48,PhD,2,1
CAN_0605,Male,0,9,62,PhD,2,1
CAN_0606,Male,0,13,49,Bachelor,0,1
CAN_0607,Male,0,3,61,Bachelor,0,0
CAN_0608,Male,0,10,82,Bachelor,0,1
CAN_0609,Female,1,3,71,Bachelor,0,0
CAN_0610,Female,1,7,89,Bachelor,0,1
CAN_0611,Male,0,14,72,Bachelor,0,0
CAN_0612,Female,1,4,84,PhD,2,1
CAN_0613,Female,1,13,69,Master,1,0
CAN_0614,Male,0,8,61,Bachelor,0,1
CAN_0615,Female,1,13,92,Bachelor,0,0
CAN_0616,Female,1,7,59,Master,1,1
CAN_0617,Male,0,5,75,Bachelor,0,1
CAN_0618,Male,0,7,81,PhD,2,1
CAN_0619,Female,1,3,82,Bachelor,0,0
CAN_0620,Female,1,12,52,Bachelor,0,0
CAN_0621,Male,0,2,85,Bachelor,0,1
CAN_0622,Male,0,6,55,Bachelor,0,0
CAN_0623,Male,0,2,82,Master,1,1
CAN_0624,Male,0,3,78,Master,1,1
CAN_0625,Female,1,6,82,Master,1,0
CAN_0626,Male,0,5,51,Bachelor,0,0
CAN_0627,Male,0,8,78,Master,1,1
CAN_0628,Female,1,9,86,Master,1,1
CAN_0629,Male,0,11,72,PhD,2,1
CAN_0630,Male,0,3,57,Bachelor,0,0
CAN_0631,Female,1,12,83,Bachelor,0,1
CAN_0632,Female,1,10,71,Master,1,0
CAN_0633,Female,1,3,44,Master,1,0
CAN_0634,Female,1,3,56,Bachelor,0,0
CAN_0635,Male,0,13,62,Bachelor,0,1
CAN_0636,Male,0,13,92,Bachelor,0,1
CAN_0637,Female,1,6,89,PhD,2,1
CAN_0638,Male,0,15,89,Bachelor,0,1
CAN_0639,Male,0,15,73,PhD,2,1
CAN_0640,Male,0,1,83,Master,1,0
CAN_0641,Male,0,7,52,PhD,2,1
CAN_0642,Male,0,12,70,PhD,2,1
CAN_0643,Male,0,1,76,Bachelor,0,0
CAN_0644,Male,0,14,53,PhD,2,1
CAN_0645,Male,0,5,73,Bachelor,0,1
CAN_0646,Female,1,15,95,PhD,2,1
CAN_0647,Female,1,10,78,Master,1,0
CAN_0648,Female,1,13,83,Bachelor,0,0
CAN_0649,Female,1,8,33,Master,1,1
CAN_0650,Male,0,4,93,PhD,2,1
CAN_0651,Male,0,5,67,Bachelor,0,0
CAN_0652,Female,1,4,58,Master,1,0
CAN_0653,Female,1,12,67,Master,1,1
CAN_0654,Female,1,12,47,PhD,2,1
CAN_0655,Male,0,14,85,Bachelor,0,1
CAN_0656,Male,0,4,64,Bachelor,0,0
CAN_0657,Male,0,12,58,Bachelor,0,0
CAN_0658,Male,0,8,67,Master,1,1
CAN_0659,Female,1,2,86,Bachelor,0,1
CAN_0660,Female,1,1,71,PhD,2,1
CAN_0661,Male,0,3,48,Bachelor,0,0
CAN_0662,Female,1,9,76,Master,1,1
CAN_0663,Female,1,4,56,Bachelor,0,0
CAN_0664,Male,0,10,37,Bachelor,0,1
CAN_0665,Male,0,5,92,Bachelor,0,1
CAN_0666,Male,0,2,76,Bachelor,0,0
CAN_0667,Male,0,4,68,Master,1,1
CAN_0668,Male,0,2,64,PhD,2,1
CAN_0669,Male,0,15,90,Master,1,1
CAN_0670,Male,0,2,100,PhD,2,1
CAN_0671,Male,0,4,76,PhD,2,1
CAN_0672,Female,1,6,54,Master,1,1
CAN_0673,Male,0,7,67,PhD,2,1
CAN_0674,Female,1,10,76,Master,1,1
CAN_0675,Male,0,3,34,Bachelor,0,0
CAN_0676,Female,1,3,75,Master,1,0
CAN_0677,Male,0,10,76,Bachelor,0,1
CAN_0678,Male,0,6,89,Master,1,1
CAN_0679,Female,1,13,88,Master,1,1
CAN_0680,Female,1,12,71,Bachelor,0,1
CAN_0681,Female,1,3,92,Bachelor,0,1
CAN_0682,Male,0,13,100,PhD,2,1
CAN_0683,Male,0,2,70,Master,1,0
CAN_0684,Female,1,8,76,Bachelor,0,1
CAN_0685,Female,1,5,43,Master,1,0
CAN_0686,Female,1,15,48,Master,1,1
CAN_0687,Female,1,1,57,Master,1,0
CAN_0688,Male,0,3,63,PhD,2,1
CAN_0689,Female,1,10,53,Master,1,1
CAN_0690,Male,0,8,69,Bachelor,0,0
CAN_0691,Male,0,4,63,PhD,2,1
CAN_0692,Male,0,14,86,PhD,2,1
CAN_0693,Female,1,7,62,Bachelor,0,0
CAN_0694,Male,0,10,35,Bachelor,0,1
CAN_0695,Male,0,12,71,Bachelor,0,1
CAN_0696,Female,1,14,69,Master,1,1
CAN_0697,Male,0,14,57,Master,1,1
CAN_0698,Female,1,2,71,Master,1,0
CAN_0699,Male,0,7,53,PhD,2,1
CAN_0700,Male,0,5,74,Master,1,1
CAN_0701,Female,1,5,100,Bachelor,0,1
CAN_0702,Male,0,6,42,Bachelor,0,0
CAN_0703,Male,0,13,62,Bachelor,0,1
CAN_0704,Male,0,9,59,Bachelor,0,1
CAN_0705,Male,0,14,63,Master,1,1
CAN_0706,Female,1,6,85,PhD,2,1
CAN_0707,Male,0,12,78,Bachelor,0,1
CAN_0708,Female,1,13,82,Master,1,1
CAN_0709,Male,0,15,70,Master,1,1
CAN_0710,Female,1,14,50,Bachelor,0,1
CAN_0711,Female,1,8,53,Bachelor,0,0
CAN_0712,Female,1,7,81,Bachelor,0,1
CAN_0713,Male,0,9,72,Bachelor,0,1
CAN_0714,Male,0,4,88,PhD,2,1
CAN_0715,Male,0,2,74,Bachelor,0,1
CAN_0716,Female,1,7,52,Bachelor,0,1
CAN_0717,Female,1,6,62,Master,1,0
CAN_0718,Female,1,1,78,PhD,2,1
CAN_0719,Male,0,11,80,Bachelor,0,1
CAN_0720,Female,1,9,82,Bachelor,0,1
CAN_0721,Female,1,9,54,Bachelor,0,0
CAN_0722,Male,0,12,51,Bachelor,0,1
CAN_0723,Male,0,2,67,Bachelor,0,1
CAN_0724,Female,1,3,91,Master,1,1
CAN_0725,Female,1,5,59,Bachelor,0,0
CAN_0726,Female,1,5,76,Bachelor,0,0
CAN_0727,Male,0,15,76,PhD,2,1
CAN_0728,Female,1,1,81,Bachelor,0,0
CAN_0729,Male,0,8,94,Bachelor,0,1
CAN_0730,Male,0,12,93,Bachelor,0,1
CAN_0731,Male,0,8,61,PhD,2,1
CAN_0732,Female,1,4,38,Bachelor,0,0
CAN_0733,Female,1,13,59,PhD,2,1
CAN_0734,Female,1,7,71,Master,1,1
CAN_0735,Male,0,15,64,Bachelor,0,1
CAN_0736,Female,1,15,99,PhD,2,1
CAN_0737,Male,0,11,70,Bachelor,0,1
CAN_0738,Female,1,10,79,Bachelor,0,1
CAN_0739,Male,0,3,73,PhD,2,0
CAN_0740,Male,0,6,64,Master,1,1
CAN_0741,Male,0,14,41,Master,1,1
CAN_0742,Male,0,10,68,Bachelor,0,1
CAN_0743,Female,1,13,100,Bachelor,0,1
CAN_0744,Female,1,10,51,Master,1,1
CAN_0745,Male,0,12,42,Bachelor,0,1
CAN_0746,Female,1,14,99,Bachelor,0,1
CAN_0747,Male,0,9,81,Bachelor,0,1
CAN_0748,Female,1,1,72,Bachelor,0,1
CAN_0749,Female,1,5,90,PhD,2,1
CAN_0750,Female,1,4,57,Bachelor,0,0
CAN_0751,Male,0,8,68,PhD,2,1
CAN_0752,Female,1,11,84,Bachelor,0,1
CAN_0753,Female,1,12,100,Master,1,1
CAN_0754,Male,0,1,52,Bachelor,0,0
CAN_0755,Male,0,9,89,Bachelor,0,1
CAN_0756,Female,1,6,75,Bachelor,0,0
CAN_0757,Female,1,4,72,Bachelor,0,0
CAN_0758,Female,1,12,69,Master,1,1
CAN_0759,Female,1,9,49,PhD,2,0
CAN_0760,Female,1,11,84,Master,1,1
CAN_0761,Male,0,5,58,Bachelor,0,1
CAN_0762,Male,0,15,53,Bachelor,0,1
CAN_0763,Male,0,5,83,Bachelor,0,1
CAN_0764,Female,1,12,81,Master,1,1
CAN_0765,Male,0,5,71,Master,1,1
CAN_0766,Female,1,1,86,PhD,2,1
CAN_0767,Female,1,1,91,Bachelor,0,0
CAN_0768,Female,1,8,89,Master,1,0
CAN_0769,Male,0,12,62,Bachelor,0,1
CAN_0770,Female,1,8,85,Master,1,1
CAN_0771,Male,0,12,73,Master,1,1
CAN_0772,Female,1,15,95,Master,1,1
CAN_0773,Male,0,15,68,Master,1,1
CAN_0774,Male,0,6,64,Bachelor,0,0
CAN_0775,Female,1,12,60,Master,1,1
CAN_0776,Male,0,11,72,Bachelor,0,1
CAN_0777,Male,0,13,77,Master,1,1
CAN_0778,Female,1,4,77,Bachelor,0,0
CAN_0779,Female,1,2,75,Master,1,0
CAN_0780,Female,1,14,80,PhD,2,1
CAN_0781,Female,1,2,66,PhD,2,1
CAN_0782,Female,1,9,56,PhD,2,1
CAN_0783,Male,0,15,55,Master,1,1
CAN_0784,Male,0,5,84,Master,1,1
CAN_0785,Male,0,4,77,Master,1,1
CAN_0786,Female,1,10,42,PhD,2,1
CAN_0787,Female,1,13,86,Bachelor,0,1
CAN_0788,Male,0,1,98,PhD,2,1
CAN_0789,Male,0,7,59,PhD,2,1
CAN_0790,Female,1,3,75,Master,1,0
CAN_0791,Male,0,6,62,Bachelor,0,1
CAN_0792,Female,1,5,79,Bachelor,0,1
CAN_0793,Female,1,5,52,PhD,2,0
CAN_0794,Female,1,11,68,Bachelor,0,0
CAN_0795,Male,0,5,84,PhD,2,1
CAN_0796,Female,1,1,88,Bachelor,0,0
CAN_0797,Female,1,1,76,Bachelor,0,0
CAN_0798,Female,1,3,64,PhD,2,1
CAN_0799,Female,1,14,46,Master,1,1
CAN_0800,Female,1,12,58,Master,1,1
CAN_0801,Female,1,10,62,Master,1,1
CAN_0802,Male,0,4,59,Bachelor,0,1
CAN_0803,Female,1,5,70,Master,1,0
CAN_0804,Female,1,2,64,Bachelor,0,0
CAN_0805,Male,0,8,72,PhD,2,1
CAN_0806,Female,1,11,88,PhD,2,1
CAN_0807,Female,1,11,63,Bachelor,0,1
CAN_0808,Female,1,14,49,Master,1,1
CAN_0809,Male,0,2,59,Master,1,0
CAN_0810,Male,0,9,78,Bachelor,0,0
CAN_0811,Female,1,2,80,PhD,2,0
CAN_0812,Female,1,13,76,Bachelor,0,1
CAN_0813,Male,0,9,89,Bachelor,0,1
CAN_0814,Female,1,7,67,Master,1,0
CAN_0815,Female,1,15,100,Master,1,1
CAN_0816,Female,1,8,82,Master,1,0
CAN_0817,Female,1,15,32,Master,1,1
CAN_0818,Male,0,11,97,Master,1,1
CAN_0819,Male,0,2,58,Master,1,0
CAN_0820,Male,0,7,54,Bachelor,0,1
CAN_0821,Female,1,12,77,Bachelor,0,1
CAN_0822,Male,0,6,43,Bachelor,0,0
CAN_0823,Male,0,4,59,Bachelor,0,0
CAN_0824,Male,0,7,93,Master,1,1
CAN_0825,Female,1,14,78,Bachelor,0,1
CAN_0826,Female,1,13,82,Bachelor,0,1
CAN_0827,Male,0,4,60,Bachelor,0,0
CAN_0828,Male,0,2,46,PhD,2,0
CAN_0829,Female,1,10,80,PhD,2,1
CAN_0830,Male,0,12,83,Master,1,1
CAN_0831,Male,0,7,83,PhD,2,1
CAN_0832,Male,0,8,73,Master,1,1
CAN_0833,Male,0,2,55,Master,1,1
CAN_0834,Male,0,5,100,Bachelor,0,1
CAN_0835,Male,0,1,77,Master,1,0
CAN_0836,Male,0,7,67,Master,1,1
CAN_0837,Female,1,8,67,Master,1,1
CAN_0838,Male,0,13,72,Master,1,1
CAN_0839,Female,1,6,86,Master,1,1
CAN_0840,Female,1,5,72,Master,1,0
CAN_0841,Male,0,15,82,PhD,2,1
CAN_0842,Female,1,6,72,Bachelor,0,1
CAN_0843,Male,0,15,68,Master,1,1
CAN_0844,Female,1,2,79,Bachelor,0,0
CAN_0845,Male,0,1,79,Master,1,1
CAN_0846,Male,0,7,67,Master,1,1
CAN_0847,Male,0,7,58,Bachelor,0,0
CAN_0848,Female,1,10,75,Master,1,1
CAN_0849,Female,1,11,71,Bachelor,0,1
CAN_0850,Female,1,10,61,Master,1,1
CAN_0851,Male,0,14,57,Bachelor,0,1
CAN_0852,Female,1,2,76,Master,1,0
CAN_0853,Male,0,2,78,Bachelor,0,1
CAN_0854,Female,1,1,64,Master,1,1
CAN_0855,Male,0,10,61,Bachelor,0,0
CAN_0856,Male,0,8,57,PhD,2,0
CAN_0857,Male,0,15,75,PhD,2,1
CAN_0858,Male,0,8,57,PhD,2,1
CAN_0859,Female,1,1,100,Master,1,1
CAN_0860,Male,0,12,63,Master,1,1
CAN_0861,Female,1,11,33,Bachelor,0,1
CAN_0862,Male,0,8,69,Bachelor,0,1
CAN_0863,Female,1,9,68,Bachelor,0,1
CAN_0864,Male,0,14,86,Master,1,1
CAN_0865,Male,0,4,74,PhD,2,1
CAN_0866,Female,1,1,57,Bachelor,0,0
CAN_0867,Male,0,1,65,PhD,2,1
CAN_0868,Male,0,3,74,Master,1,1
CAN_0869,Female,1,15,37,Master,1,1
CAN_0870,Female,1,14,90,Bachelor,0,1
CAN_0871,Male,0,5,57,Bachelor,0,1
CAN_0872,Male,0,5,91,Master,1,1
CAN_0873,Female,1,9,75,Master,1,1
CAN_0874,Male,0,10,79,Bachelor,0,1
CAN_0875,Male,0,14,87,Master,1,1
CAN_0876,Male,0,12,78,PhD,2,1
CAN_0877,Female,1,2,80,PhD,2,1
CAN_0878,Female,1,2,67,PhD,2,0
CAN_0879,Male,0,6,75,Bachelor,0,0
CAN_0880,Male,0,15,61,Bachelor,0,1
CAN_0881,Male,0,9,64,Master,1,1
CAN_0882,Female,1,1,99,Bachelor,0,0
CAN_0883,Male,0,9,57,Bachelor,0,1
CAN_0884,Male,0,9,72,Bachelor,0,1
CAN_0885,Female,1,13,71,Bachelor,0,1
CAN_0886,Male,0,9,65,Bachelor,0,1
CAN_0887,Female,1,5,77,Bachelor,0,0
CAN_0888,Male,0,13,78,Bachelor,0,1
CAN_0889,Male,0,15,56,Bachelor,0,1
CAN_0890,Male,0,9,71,Master,1,1
CAN_0891,Female,1,11,53,Master,1,1
CAN_0892,Female,1,4,81,Master,1,1
CAN_0893,Female,1,2,72,Bachelor,0,0
CAN_0894,Male,0,13,71,Bachelor,0,1
CAN_0895,Female,1,6,79,Master,1,1
CAN_0896,Male,0,14,65,Master,1,1
CAN_0897,Male,0,4,83,Master,1,1
CAN_0898,Female,1,6,55,Bachelor,0,1
CAN_0899,Male,0,3,91,PhD,2,1
CAN_0900,Male,0,6,61,Bachelor,0,0
CAN_0901,Male,0,2,44,Bachelor,0,0
CAN_0902,Male,0,2,65,Master,1,1
CAN_0903,Male,0,13,63,Master,1,1
CAN_0904,Female,1,9,64,Bachelor,0,1
CAN_0905,Male,0,7,73,Bachelor,0,0
CAN_0906,Female,1,3,86,Master,1,0
CAN_0907,Female,1,13,67,Bachelor,0,1
CAN_0908,Male,0,11,59,Bachelor,0,1
CAN_0909,Male,0,1,53,Bachelor,0,1
CAN_0910,Male,0,8,62,PhD,2,1
CAN_0911,Female,1,14,41,Bachelor,0,1
CAN_0912,Male,0,6,59,PhD,2,1
CAN_0913,Female,1,7,88,Master,1,1
CAN_0914,Male,0,9,57,PhD,2,1
CAN_0915,Female,1,5,79,PhD,2,0
CAN_0916,Male,0,15,51,Bachelor,0,1
CAN_0917,Male,0,1,96,Bachelor,0,1
CAN_0918,Female,1,12,97,Bachelor,0,1
CAN_0919,Female,1,10,78,Bachelor,0,1
CAN_0920,Male,0,7,99,Master,1,1
CAN_0921,Female,1,15,75,Bachelor,0,1
CAN_0922,Male,0,5,81,Bachelor,0,0
CAN_0923,Female,1,3,88,Bachelor,0,1
CAN_0924,Female,1,12,72,PhD,2,1
CAN_0925,Male,0,13,46,Bachelor,0,1
CAN_0926,Male,0,9,81,Bachelor,0,1
CAN_0927,Male,0,1,62,Bachelor,0,0
CAN_0928,Female,1,1,64,PhD,2,0
CAN_0929,Female,1,1,74,Master,1,0
CAN_0930,Male,0,3,78,Bachelor,0,0
CAN_0931,Male,0,12,72,Bachelor,0,1
CAN_0932,Female,1,6,79,Bachelor,0,0
CAN_0933,Female,1,10,59,Bachelor,0,0
CAN_0934,Female,1,11,69,PhD,2,0
CAN_0935,Male,0,3,82,Master,1,1
CAN_0936,Male,0,8,96,Bachelor,0,1
CAN_0937,Male,0,14,100,PhD,2,1
CAN_0938,Female,1,14,76,Bachelor,0,1
CAN_0939,Male,0,10,82,Master,1,1
CAN_0940,Female,1,2,99,PhD,2,1
CAN_0941,Male,0,14,59,Bachelor,0,1
CAN_0942,Female,1,9,79,Master,1,1
CAN_0943,Female,1,3,81,Bachelor,0,1
CAN_0944,Female,1,5,91,Bachelor,0,0
CAN_0945,Male,0,10,52,Bachelor,0,0
CAN_0946,Male,0,8,55,Bachelor,0,0
CAN_0947,Male,0,2,70,Master,1,0
CAN_0948,Female,1,6,75,PhD,2,1
CAN_0949,Female,1,12,86,Master,1,1
CAN_0950,Female,1,5,77,PhD,2,1
CAN_0951,Female,1,13,67,PhD,2,1
CAN_0952,Female,1,10,76,Bachelor,0,1
CAN_0953,Male,0,9,74,Bachelor,0,1
CAN_0954,Female,1,12,96,Bachelor,0,1
CAN_0955,Male,0,5,72,Master,1,1
CAN_0956,Male,0,2,64,PhD,2,0
CAN_0957,Female,1,5,76,Bachelor,0,0
CAN_0958,Male,0,15,72,Master,1,1
CAN_0959,Male,0,12,46,Master,1,1
CAN_0960,Female,1,4,69,Master,1,0
CAN_0961,Male,0,15,68,Bachelor,0,1
CAN_0962,Female,1,11,61,Bachelor,0,1
CAN_0963,Male,0,7,85,Bachelor,0,0
CAN_0964,Male,0,6,58,Bachelor,0,1
CAN_0965,Male,0,14,76,Bachelor,0,1
CAN_0966,Male,0,2,67,Master,1,0
CAN_0967,Female,1,12,71,Bachelor,0,1
CAN_0968,Male,0,11,76,PhD,2,0
CAN_0969,Female,1,11,50,Master,1,0
CAN_0970,Male,0,13,72,Master,1,1
CAN_0971,Female,1,5,100,Bachelor,0,1
CAN_0972,Female,1,7,46,Master,1,0
CAN_0973,Female,1,11,69,PhD,2,1
CAN_0974,Male,0,7,86,Bachelor,0,1
CAN_0975,Male,0,15,74,Bachelor,0,1
CAN_0976,Male,0,5,80,Master,1,1
CAN_0977,Female,1,12,34,Bachelor,0,0
CAN_0978,Male,0,15,78,Bachelor,0,0
CAN_0979,Male,0,9,58,Bachelor,0,0
CAN_0980,Female,1,4,74,Bachelor,0,1
CAN_0981,Male,0,11,69,Master,1,1
CAN_0982,Female,1,3,100,Bachelor,0,0
CAN_0983,Male,0,15,78,PhD,2,1
CAN_0984,Male,0,4,68,Master,1,1
CAN_0985,Female,1,5,47,Master,1,1
CAN_0986,Male,0,13,71,Master,1,1
CAN_0987,Female,1,6,82,PhD,2,1
CAN_0988,Male,0,3,68,Bachelor,0,1
CAN_0989,Male,0,2,62,PhD,2,0
CAN_0990,Female,1,14,61,Master,1,1
CAN_0991,Female,1,13,78,Master,1,1
CAN_0992,Female,1,4,81,Master,1,1
CAN_0993,Male,0,5,90,Bachelor,0,1
CAN_0994,Female,1,4,55,Bachelor,0,0
CAN_0995,Male,0,14,77,Master,1,1
CAN_0996,Male,0,11,68,Bachelor,0,1
CAN_0997,Female,1,13,68,Master,1,1
CAN_0998,Male,0,15,76,Bachelor,0,1
CAN_0999,Female,1,12,76,Bachelor,0,1
CAN_1000,Male,0,3,77,Bachelor,0,0
